,Date,Open,High,Low,Close,Volume
0,2018-11-19,47.5,47.674999,46.247501,46.465,167701200
1,2018-11-20,44.592499,45.3675,43.877499,44.244999,271300800
2,2018-11-21,44.932499,45.067501,44.137501,44.195,124496800
3,2018-11-23,43.735001000000004,44.150002,43.025002,43.072497999999996,94496000
4,2018-11-26,43.560001,43.737499,42.564999,43.654999,179994000
5,2018-11-27,42.877499,43.692501,42.720001,43.560001,165549600
6,2018-11-28,44.182499,45.322497999999996,43.732498,45.235001000000004,184250000
7,2018-11-29,45.665001000000004,45.700001,44.424999,44.887501,167080000
8,2018-11-30,45.072497999999996,45.0825,44.2575,44.645,158126000
9,2018-12-03,46.115002000000004,46.235001000000004,45.302502000000004,46.205002,163210000
10,2018-12-04,45.237499,45.5975,44.067501,44.172501000000004,165377200
11,2018-12-06,42.939999,43.695,42.605,43.68,172393600
12,2018-12-07,43.372501,43.622501,42.075001,42.122501,169126400
13,2018-12-10,41.25,42.522498999999996,40.8325,42.400002,248104000
14,2018-12-11,42.915001000000004,42.947497999999996,41.75,42.157501,189126800
15,2018-12-12,42.599998,42.98,42.255001,42.275002,142510800
16,2018-12-13,42.622501,43.142502,42.387501,42.737499,127594400
17,2018-12-14,42.25,42.27,41.32,41.369999,162814800
18,2018-12-17,41.362499,42.087502,40.682499,40.985001000000004,177151600
19,2018-12-18,41.345001,41.8825,41.0975,41.517502,135366000
20,2018-12-19,41.5,41.862499,39.772498999999996,40.2225,196189200
21,2018-12-20,40.099998,40.5275,38.825001,39.2075,259092000
22,2018-12-21,39.215,39.540001000000004,37.407501,37.682499,382978400
23,2018-12-24,37.037498,37.887501,36.647498999999996,36.7075,148676800
24,2018-12-26,37.075001,39.307499,36.68,39.2925,234330000
25,2018-12-27,38.959998999999996,39.192501,37.517502,39.037498,212468400
26,2018-12-28,39.375,39.630001,38.637501,39.057499,169165600
27,2018-12-31,39.6325,39.84,39.119999,39.435001,140014000
28,2019-01-02,38.7225,39.712502,38.557499,39.48,148158800
29,2019-01-03,35.994999,36.43,35.5,35.547501000000004,365248800
30,2019-01-04,36.1325,37.137501,35.950001,37.064999,234428400
31,2019-01-07,37.174999,37.2075,36.474998,36.982498,219111200
32,2019-01-08,37.389998999999996,37.955002,37.130001,37.6875,164101200
33,2019-01-09,37.822497999999996,38.6325,37.407501,38.327498999999996,180396400
34,2019-01-10,38.125,38.4925,37.715,38.450001,143122800
35,2019-01-11,38.220001,38.424999,37.877499,38.072497999999996,108092800
36,2019-01-14,37.712502,37.817501,37.305,37.5,129756800
37,2019-01-15,37.567501,38.3475,37.512501,38.267502,114843600
38,2019-01-16,38.27,38.970001,38.25,38.735001000000004,122278800
39,2019-01-17,38.549999,39.415001000000004,38.314999,38.965,119284800
40,2019-01-18,39.375,39.470001,38.994999,39.205002,135004000
41,2019-01-22,39.102501000000004,39.182499,38.154999,38.325001,121576000
42,2019-01-23,38.537498,38.785,37.924999,38.48,92522400
43,2019-01-24,38.5275,38.619999,37.935001,38.174999,101766000
44,2019-01-25,38.869999,39.532501,38.580002,39.439999,134142000
45,2019-01-28,38.947497999999996,39.0825,38.415001000000004,39.075001,104768400
46,2019-01-29,39.0625,39.532501,38.5275,38.669998,166348800
47,2019-01-30,40.8125,41.537498,40.057499,41.3125,244439200
48,2019-01-31,41.5275,42.25,41.139998999999996,41.610001000000004,162958400
49,2019-02-01,41.740002000000004,42.244999,41.482498,41.630001,130672400
50,2019-02-04,41.852501000000004,42.915001000000004,41.82,42.8125,125982000
51,2019-02-05,43.215,43.77,43.087502,43.544998,144406400
52,2019-02-06,43.662498,43.892502,43.212502,43.560001,112958400
53,2019-02-07,43.099998,43.485001000000004,42.584998999999996,42.735001000000004,126966800
54,2019-02-08,42.247501,42.665001000000004,42.105,42.602501000000004,95280000
55,2019-02-11,42.762501,42.802502000000004,42.3125,42.357498,83973600
56,2019-02-12,42.525002,42.75,42.424999,42.7225,89134000
57,2019-02-13,42.8475,43.119999,42.48,42.544998,89960800
58,2019-02-14,42.427502000000004,42.814999,42.345001,42.700001,87342800
59,2019-02-15,42.8125,42.924999,42.4375,42.605,98507200
60,2019-02-19,42.427502000000004,42.860001000000004,42.372501,42.732498,75891200
61,2019-02-20,42.797501000000004,43.330002,42.747501,43.0075,104457600
62,2019-02-21,42.950001,43.092499,42.575001,42.764998999999996,68998800
63,2019-02-22,42.895,43.25,42.845001,43.2425,75652800
64,2019-02-25,43.540001000000004,43.967499,43.487499,43.557499,87493600
65,2019-02-26,43.427502000000004,43.825001,43.2925,43.5825,68280800
66,2019-02-27,43.302502000000004,43.75,43.182499,43.717499,111341600
67,2019-02-28,43.580002,43.727501000000004,43.23,43.287498,112861600
68,2019-03-01,43.57,43.787498,43.2225,43.7425,103544800
69,2019-03-04,43.922501000000004,44.4375,43.4925,43.962502,109744800
70,2019-03-05,43.985001000000004,44.0,43.634997999999996,43.8825,78949600
71,2019-03-06,43.6675,43.872501,43.485001000000004,43.630001,83241600
72,2019-03-07,43.467499,43.610001000000004,43.005001,43.125,99185600
73,2019-03-08,42.580002,43.267502,42.375,43.227501000000004,95997600
74,2019-03-11,43.872501,44.779999,43.837502,44.724998,128044000
75,2019-03-12,45.0,45.6675,44.842499,45.227501000000004,129870400
76,2019-03-13,45.5625,45.825001,45.23,45.427502000000004,124130000
77,2019-03-14,45.974998,46.025002,45.639998999999996,45.932499,94318000
78,2019-03-15,46.212502,46.8325,45.935001,46.529999,156171600
79,2019-03-18,46.450001,47.0975,46.447497999999996,47.005001,104879200
80,2019-03-19,47.087502,47.247501,46.48,46.6325,126585600
81,2019-03-20,46.557499,47.372501,46.182499,47.040001000000004,124140800
82,2019-03-21,47.505001,49.0825,47.452498999999996,48.772498999999996,204136800
83,2019-03-22,48.834998999999996,49.422501000000004,47.695,47.762501,169630800
84,2019-03-25,47.877499,47.994999,46.650002,47.185001,175381200
85,2019-03-26,47.915001000000004,48.220001,46.145,46.697497999999996,199202000
86,2019-03-27,47.1875,47.439999,46.637501,47.1175,119393600
87,2019-03-28,47.237499,47.389998999999996,46.8825,47.18,83121600
88,2019-03-29,47.4575,47.52,47.134997999999996,47.487499,94256000
89,2019-04-01,47.91,47.919998,47.095001,47.810001,111448000
90,2019-04-02,47.772498999999996,48.615002000000004,47.762501,48.505001,91062800
91,2019-04-03,48.3125,49.125,48.287498,48.837502,93087200
92,2019-04-04,48.697497999999996,49.092499,48.285,48.922501000000004,76457200
93,2019-04-05,49.112499,49.275002,48.982498,49.25,74106400
94,2019-04-08,49.105,50.057499,49.084998999999996,50.025002,103526800
95,2019-04-09,50.080002,50.712502,49.807499,49.875,143072800
96,2019-04-10,49.669998,50.185001,49.544998,50.154999,86781200
97,2019-04-11,50.212502,50.25,49.610001000000004,49.737499,83603200
98,2019-04-12,49.799999,50.035,49.052502000000004,49.717499,111042800
99,2019-04-15,49.645,49.962502,49.502499,49.807499,70146400
100,2019-04-16,49.865002000000004,50.342499,49.639998999999996,49.8125,102785600
101,2019-04-17,49.884997999999996,50.845001,49.6525,50.782501,115627200
102,2019-04-18,50.779999,51.037498,50.630001,50.965,96783200
103,2019-04-22,50.7075,51.235001000000004,50.584998999999996,51.1325,77758000
104,2019-04-23,51.107498,51.9375,50.974998,51.869999,93292000
105,2019-04-24,51.84,52.119999,51.762501,51.790001000000004,70162400
106,2019-04-25,51.7075,51.939999,51.279999,51.32,74172800
107,2019-04-26,51.224998,51.25,50.529999,51.075001,74596400
108,2019-04-29,51.099998,51.4925,50.965,51.1525,88818800
109,2019-04-30,50.764998999999996,50.849998,49.7775,50.1675,186139600
110,2019-05-01,52.470001,53.827498999999996,52.307499,52.630001,259309200
111,2019-05-02,52.459998999999996,53.162498,52.032501,52.287498,127985200
112,2019-05-03,52.7225,52.959998999999996,52.557499,52.9375,83569600
113,2019-05-06,51.072497999999996,52.209998999999996,50.875,52.119999,129772400
114,2019-05-07,51.470001,51.855,50.2075,50.715,155054800
115,2019-05-08,50.474998,51.334998999999996,50.4375,50.724998,105358000
116,2019-05-09,50.099998,50.419998,49.165001000000004,50.18,139634400
117,2019-05-10,49.355,49.712502,48.192501,49.294998,164834800
118,2019-05-13,46.927502000000004,47.369999,45.712502,46.43,229722400
119,2019-05-14,46.602501000000004,47.424999,46.352501000000004,47.165001000000004,146118800
120,2019-05-15,46.567501,47.9375,46.505001,47.73,106178800
121,2019-05-16,47.477501000000004,48.1175,47.209998999999996,47.52,132125600
122,2019-05-17,46.732498,47.724998,46.689999,47.25,131516400
123,2019-05-20,45.880001,46.087502,45.07,45.772498999999996,154449200
124,2019-05-21,46.305,47.0,46.174999,46.650002,113459200
125,2019-05-22,46.165001000000004,46.427502000000004,45.637501,45.695,118994400
126,2019-05-23,44.950001,45.134997999999996,44.452498999999996,44.915001000000004,146118800
127,2019-05-24,45.049999,45.535,44.654999,44.7425,94858800
128,2019-05-28,44.73,45.147498999999996,44.477501000000004,44.557499,111792800
129,2019-05-29,44.105,44.837502,44.0,44.345001,113924800
130,2019-05-30,44.487499,44.807499,44.1675,44.575001,84873600
131,2019-05-31,44.057499,44.497501,43.747501,43.767502,108174400
132,2019-06-03,43.900002,44.48,42.567501,43.325001,161584400
133,2019-06-04,43.860001000000004,44.9575,43.630001,44.91,123872000
134,2019-06-05,46.07,46.247501,45.285,45.634997999999996,119093600
135,2019-06-06,45.77,46.3675,45.537498,46.305,90105200
136,2019-06-07,46.627499,47.98,46.442501,47.537498,122737600
137,2019-06-10,47.952498999999996,48.842499,47.904999,48.145,104883600
138,2019-06-11,48.715,49.0,48.400002,48.702498999999996,107731600
139,2019-06-12,48.487499,48.9925,48.3475,48.547501000000004,73012800
140,2019-06-13,48.674999,49.197497999999996,48.400002,48.537498,86698400
141,2019-06-14,47.887501,48.397498999999996,47.575001,48.185001,75046000
142,2019-06-17,48.224998,48.740002000000004,48.0425,48.4725,58676400
143,2019-06-18,49.012501,50.072497999999996,48.802502000000004,49.612499,106204000
144,2019-06-19,49.919998,49.970001,49.327498999999996,49.467499,84496800
145,2019-06-20,50.092499,50.1525,49.5075,49.865002000000004,86056000
146,2019-06-21,49.700001,50.212502,49.537498,49.695,191202400
147,2019-06-24,49.634997999999996,50.040001000000004,49.5425,49.645,72881600
148,2019-06-25,49.607498,49.814999,48.822497999999996,48.892502,84281200
149,2019-06-26,49.442501,50.247501,49.337502,49.950001,104270000
150,2019-06-27,50.072497999999996,50.392502,49.892502,49.935001,83598800
151,2019-06-28,49.669998,49.875,49.262501,49.48,124442400
152,2019-07-01,50.7925,51.122501,50.162498,50.387501,109012000
153,2019-07-02,50.352501000000004,50.782501,50.34,50.682499,67740800
154,2019-07-03,50.82,51.110001000000004,50.672501000000004,51.102501000000004,45448000
155,2019-07-05,50.837502,51.27,50.724998,51.057499,69062000
156,2019-07-08,50.202498999999996,50.349998,49.602501000000004,50.005001,101354400
157,2019-07-09,49.799999,50.377499,49.702498999999996,50.310001,82312000
158,2019-07-10,50.462502,50.932499,50.389998999999996,50.807499,71588400
159,2019-07-11,50.827498999999996,51.0975,50.427502000000004,50.4375,80767200
160,2019-07-12,50.612499,51.0,50.549999,50.825001,70380800
161,2019-07-15,51.022498999999996,51.467499,51.0,51.302502000000004,67789600
162,2019-07-16,51.147498999999996,51.5275,50.875,51.125,67467200
163,2019-07-17,51.012501,51.272498999999996,50.817501,50.837502,56430000
164,2019-07-18,51.0,51.470001,50.924999,51.415001000000004,74162400
165,2019-07-19,51.447497999999996,51.625,50.59,50.647498999999996,83717200
166,2019-07-22,50.912498,51.807499,50.9025,51.805,89111600
167,2019-07-23,52.115002000000004,52.227501000000004,51.822497999999996,52.209998999999996,73420800
168,2019-07-24,51.9175,52.287498,51.7925,52.1675,59966400
169,2019-07-25,52.2225,52.310001,51.682499,51.755001,55638400
170,2019-07-26,51.869999,52.432499,51.785,51.935001,70475600
171,2019-07-29,52.115002000000004,52.66,52.110001000000004,52.419998,86693600
172,2019-07-30,52.189999,52.540001000000004,51.827498999999996,52.195,135742800
173,2019-07-31,54.105,55.342499,52.825001,53.259997999999996,277125600
174,2019-08-01,53.474998,54.5075,51.685001,52.107498,216071600
175,2019-08-02,51.3825,51.607498,50.407501,51.005001,163448400
176,2019-08-05,49.497501,49.662498,48.145,48.334998999999996,209572000
177,2019-08-06,49.077498999999996,49.517502,48.509997999999996,49.25,143299200
178,2019-08-07,48.852501000000004,49.889998999999996,48.455002,49.759997999999996,133457600
179,2019-08-08,50.049999,50.8825,49.8475,50.857498,108038000
180,2019-08-09,50.325001,50.689999,49.822497999999996,50.247501,98478800
181,2019-08-12,49.904999,50.512501,49.787498,50.119999,89927600
182,2019-08-13,50.255001,53.035,50.119999,52.2425,188874000
183,2019-08-14,50.790001000000004,51.610001000000004,50.647498999999996,50.6875,146189600
184,2019-08-15,50.865002000000004,51.285,49.9175,50.435001,108909600
185,2019-08-16,51.07,51.790001000000004,50.959998999999996,51.625,110481600
186,2019-08-19,52.654999,53.182499,52.5075,52.587502,97654400
187,2019-08-20,52.720001,53.337502,52.580002,52.59,107537200
188,2019-08-21,53.247501,53.412498,52.900002,53.16,86141600
189,2019-08-22,53.297501000000004,53.610001000000004,52.6875,53.115002000000004,89014800
190,2019-08-23,52.357498,53.012501,50.25,50.66,187272000
191,2019-08-26,51.465,51.797501000000004,51.264998999999996,51.622501,104174400
192,2019-08-27,51.965,52.137501,50.8825,51.040001000000004,103493200
193,2019-08-28,51.025002,51.43,50.830002,51.3825,63755200
194,2019-08-29,52.125,52.330002,51.665001000000004,52.252499,83962000
195,2019-08-30,52.540001000000004,52.612499,51.799999,52.185001,84573600
196,2019-09-03,51.607498,51.744999,51.055,51.424999,80092000
197,2019-09-04,52.0975,52.369999,51.830002,52.297501000000004,76752400
198,2019-09-05,53.0,53.4925,52.877499,53.32,95654800
199,2019-09-06,53.512501,53.605,53.127499,53.314999,77449200
200,2019-09-09,53.709998999999996,54.110001000000004,52.767502,53.5425,109237600
201,2019-09-10,53.465,54.195,52.927502000000004,54.174999,127111600
202,2019-09-11,54.517502,55.927502000000004,54.432499,55.897498999999996,177158400
203,2019-09-12,56.200001,56.605,55.715,55.772498999999996,128906800
204,2019-09-13,55.0,55.197497999999996,54.255001,54.6875,159053200
205,2019-09-16,54.432499,55.032501,54.389998999999996,54.974998,84632400
206,2019-09-17,54.990002000000004,55.205002,54.779999,55.174999,73274800
207,2019-09-18,55.264998999999996,55.712502,54.860001000000004,55.692501,101360000
208,2019-09-19,55.502499,55.939999,55.092499,55.240002000000004,88242400
209,2019-09-20,55.345001,55.639998999999996,54.3675,54.432499,221652400
210,2019-09-23,54.737499,54.959998999999996,54.412498,54.68,76662000
211,2019-09-24,55.2575,55.622501,54.297501000000004,54.419998,124763200
212,2019-09-25,54.637501,55.375,54.285,55.2575,87613600
213,2019-09-26,55.0,55.235001000000004,54.7075,54.9725,75334000
214,2019-09-27,55.134997999999996,55.240002000000004,54.32,54.705002,101408000
215,2019-09-30,55.224998,56.145,55.197497999999996,55.9925,103909600
216,2019-10-01,56.267502,57.055,56.049999,56.147498999999996,139223200
217,2019-10-02,55.764998999999996,55.895,54.482498,54.740002000000004,138449200
218,2019-10-03,54.607498,55.240002000000004,53.782501,55.205002,114426000
219,2019-10-04,56.41,56.872501,55.9725,56.752499,138478800
220,2019-10-07,56.567501,57.482498,56.459998999999996,56.764998999999996,122306000
221,2019-10-08,56.455002,57.014998999999996,56.0825,56.099998,111820000
222,2019-10-09,56.7575,56.947497999999996,56.41,56.7575,74770400
223,2019-10-10,56.982498,57.610001000000004,56.825001,57.522498999999996,113013600
224,2019-10-11,58.237499,59.41,58.077498999999996,59.052502000000004,166795600
225,2019-10-14,58.724998,59.532501,58.6675,58.967499,96427600
226,2019-10-15,59.0975,59.412498,58.720001,58.830002,87360000
227,2019-10-16,58.342499,58.810001,58.299999,58.592499,73903200
228,2019-10-17,58.772498999999996,59.037498,58.380001,58.82,67585200
229,2019-10-18,58.647498999999996,59.395,58.572497999999996,59.102501000000004,97433600
230,2019-10-21,59.380001,60.247501,59.330002,60.127499,87247200
231,2019-10-22,60.290001000000004,60.549999,59.904999,59.990002000000004,82293600
232,2019-10-23,60.525002,60.810001,60.305,60.794998,75828800
233,2019-10-24,61.127499,61.200001,60.452498999999996,60.895,69275200
234,2019-10-25,60.790001000000004,61.682499,60.720001,61.645,73477200
235,2019-10-28,61.855,62.3125,61.68,62.262501,96572800
236,2019-10-29,62.2425,62.4375,60.642502,60.822497999999996,142839600
237,2019-10-30,61.189999,61.325001,60.302502000000004,60.814999,124522000
238,2019-10-31,61.810001,62.2925,59.314999,62.189999,139162000
239,2019-11-01,62.384997999999996,63.982498,62.290001000000004,63.955002,151125200
240,2019-11-04,64.332497,64.462502,63.845001,64.375,103272000
241,2019-11-05,64.262497,64.547501,64.08000200000001,64.282501,79897600
242,2019-11-06,64.192497,64.372498,63.842499,64.309998,75864400
243,2019-11-07,64.684998,65.087502,64.527496,64.85749799999999,94940400
244,2019-11-08,64.672501,65.110001,64.212502,65.035004,69986400
245,2019-11-11,64.574997,65.6175,64.57,65.550003,81821200
246,2019-11-12,65.387497,65.697502,65.230003,65.489998,87388800
247,2019-11-13,65.282501,66.195,65.26750200000001,66.1175,102734400
248,2019-11-14,65.9375,66.220001,65.525002,65.660004,89182800
249,2019-11-15,65.91999799999999,66.445,65.752502,66.440002,100206400
250,2019-11-18,66.449997,66.85749799999999,66.057503,66.775002,86703200
251,2019-11-19,66.974998,67.0,66.347504,66.572502,76167200
252,2019-11-20,66.385002,66.519997,65.099998,65.797501,106234400
253,2019-11-21,65.922501,66.002502,65.29499799999999,65.502502,121395200
254,2019-11-22,65.647499,65.79499799999999,65.209999,65.445,65325200
255,2019-11-25,65.677498,66.610001,65.629997,66.592499,84020400
256,2019-11-26,66.735001,66.790001,65.625,66.072502,105207600
257,2019-11-27,66.394997,66.995003,66.327499,66.959999,65235600
258,2019-11-29,66.650002,67.0,66.474998,66.8125,46617600
259,2019-12-02,66.817497,67.0625,65.862503,66.040001,94487200
260,2019-12-03,64.577499,64.8825,64.072502,64.862503,114430400
261,2019-12-04,65.26750200000001,65.827499,65.16999799999999,65.434998,67181600
262,2019-12-05,65.947502,66.472504,65.682503,66.394997,74424400
263,2019-12-06,66.870003,67.75,66.824997,67.677498,106075600
264,2019-12-09,67.5,67.699997,66.227501,66.730003,128042400
265,2019-12-10,67.150002,67.51750200000001,66.464996,67.120003,90420400
266,2019-12-11,67.202499,67.775002,67.125,67.692497,78756800
267,2019-12-12,66.945,68.139999,66.83000200000001,67.864998,137310400
268,2019-12-13,67.864998,68.824997,67.73249799999999,68.787498,133587600
269,2019-12-16,69.25,70.197502,69.245003,69.964996,128186000
270,2019-12-17,69.89250200000001,70.442497,69.699997,70.102501,114158400
271,2019-12-18,69.949997,70.474998,69.779999,69.934998,116028400
272,2019-12-19,69.875,70.29499799999999,69.737503,70.004997,98369200
273,2019-12-20,70.557503,70.662498,69.639999,69.860001,275978000
274,2019-12-23,70.1325,71.0625,70.092499,71.0,98572000
275,2019-12-24,71.172501,71.222504,70.730003,71.067497,48478800
276,2019-12-26,71.20500200000001,72.495003,71.175003,72.477501,93121200
277,2019-12-27,72.779999,73.4925,72.029999,72.449997,146266000
278,2019-12-30,72.364998,73.172501,71.305,72.879997,144114400
279,2019-12-31,72.48249799999999,73.41999799999999,72.379997,73.412498,100805600
280,2020-01-02,74.059998,75.150002,73.797501,75.087502,135480400
281,2020-01-03,74.287498,75.144997,74.125,74.35749799999999,146322800
282,2020-01-06,73.447502,74.989998,73.1875,74.949997,118387200
283,2020-01-07,74.959999,75.224998,74.370003,74.597504,108872000
284,2020-01-08,74.290001,76.110001,74.290001,75.797501,132079200
285,2020-01-09,76.809998,77.60749799999999,76.550003,77.407501,170108400
286,2020-01-10,77.650002,78.167503,77.0625,77.582497,140644800
287,2020-01-13,77.910004,79.26750200000001,77.787498,79.239998,121532000
288,2020-01-14,79.175003,79.39250200000001,78.042503,78.16999799999999,161954400
289,2020-01-15,77.962502,78.875,77.387497,77.834999,121923600
290,2020-01-16,78.397499,78.925003,78.022499,78.809998,108829200
291,2020-01-17,79.067497,79.684998,78.75,79.682503,137816400
292,2020-01-21,79.297501,79.754997,79.0,79.14250200000001,110843200
293,2020-01-22,79.644997,79.997498,79.327499,79.425003,101832400
294,2020-01-23,79.480003,79.889999,78.912498,79.807503,104472000
295,2020-01-24,80.0625,80.832497,79.379997,79.577499,146537600
296,2020-01-27,77.514999,77.942497,76.220001,77.237503,161940000
297,2020-01-28,78.150002,79.599998,78.047501,79.422501,162234000
298,2020-01-29,81.112503,81.962502,80.345001,81.084999,216229200
299,2020-01-30,80.135002,81.022499,79.6875,80.967499,126743200
300,2020-01-31,80.23249799999999,80.66999799999999,77.072502,77.377502,199588400
301,2020-02-03,76.074997,78.372498,75.555,77.165001,173788400
302,2020-02-04,78.827499,79.910004,78.407501,79.712502,136616400
303,2020-02-05,80.879997,81.190002,79.737503,80.362503,118826800
304,2020-02-06,80.64250200000001,81.305,80.065002,81.302498,105425600
305,2020-02-07,80.592499,80.849998,79.5,80.0075,117684000
306,2020-02-10,78.54499799999999,80.387497,78.462502,80.387497,109348800
307,2020-02-11,80.900002,80.974998,79.677498,79.902496,94323200
308,2020-02-12,80.3675,81.805,80.3675,81.800003,113730400
309,2020-02-13,81.047501,81.555,80.837502,81.217499,94747600
310,2020-02-14,81.184998,81.495003,80.712502,81.237503,80113600
311,2020-02-18,78.839996,79.9375,78.652496,79.75,152531200
312,2020-02-19,80.0,81.14250200000001,80.0,80.904999,93984000
313,2020-02-20,80.657501,81.162498,79.552498,80.074997,100566000
314,2020-02-21,79.654999,80.112503,77.625,78.262497,129554000
315,2020-02-24,74.315002,76.04499799999999,72.307503,74.54499799999999,222195200
316,2020-02-25,75.237503,75.6325,71.532501,72.019997,230673600
317,2020-02-26,71.6325,74.470001,71.625,73.162498,198054800
318,2020-02-27,70.275002,71.5,68.239998,68.379997,320605600
319,2020-02-28,64.315002,69.602501,64.092499,68.339996,426510000
320,2020-03-02,70.57,75.360001,69.43,74.702499,341397200
321,2020-03-03,75.917503,76.0,71.449997,72.33000200000001,319475600
322,2020-03-04,74.110001,75.849998,73.282501,75.684998,219178400
323,2020-03-05,73.879997,74.887497,72.852501,73.230003,187572800
324,2020-03-06,70.5,72.70500200000001,70.307503,72.2575,226176800
325,2020-03-09,65.9375,69.522499,65.75,66.542503,286744800
326,2020-03-10,69.285004,71.610001,67.342499,71.334999,285290000
327,2020-03-11,69.347504,70.305,67.964996,68.85749799999999,255598800
328,2020-03-12,63.985001000000004,67.5,62.0,62.057499,418474000
329,2020-03-13,66.222504,69.980003,63.237499,69.4925,370732000
330,2020-03-16,60.487499,64.769997,60.0,60.552502000000004,322423600
331,2020-03-17,61.877499,64.402496,59.599998,63.215,324056000
332,2020-03-18,59.942501,62.5,59.279999,61.6675,300233600
333,2020-03-19,61.8475,63.209998999999996,60.6525,61.195,271857200
334,2020-03-20,61.794998,62.9575,57.0,57.310001,401693200
335,2020-03-23,57.02,57.125,53.1525,56.092499,336752800
336,2020-03-24,59.09,61.922501000000004,58.575001,61.720001,287531200
337,2020-03-25,62.6875,64.5625,61.075001,61.380001,303602000
338,2020-03-26,61.630001,64.66999799999999,61.59,64.610001,252087200
339,2020-03-27,63.1875,63.967499,61.762501,61.935001,204216800
340,2020-03-30,62.685001,63.880001,62.349998,63.702498999999996,167976400
341,2020-03-31,63.900002,65.622498,63.0,63.572497999999996,197002000
342,2020-04-01,61.625,62.18,59.782501,60.227501000000004,176218400
343,2020-04-02,60.084998999999996,61.287498,59.224998,61.232498,165934000
344,2020-04-03,60.700001,61.424999,59.7425,60.352501000000004,129880000
345,2020-04-06,62.724998,65.777496,62.345001,65.6175,201820400
346,2020-04-07,67.699997,67.925003,64.75,64.85749799999999,202887200
347,2020-04-08,65.684998,66.842499,65.307503,66.51750200000001,168895200
348,2020-04-09,67.175003,67.51750200000001,66.175003,66.997498,161834800
349,2020-04-13,67.077499,68.425003,66.457497,68.3125,131022800
350,2020-04-14,70.0,72.0625,69.512497,71.762497,194994800
351,2020-04-15,70.599998,71.582497,70.157501,71.10749799999999,131154400
352,2020-04-16,71.845001,72.050003,70.587502,71.672501,157125200
353,2020-04-17,71.172501,71.737503,69.214996,70.699997,215250000
354,2020-04-20,69.487503,70.41999799999999,69.212502,69.23249799999999,130015200
355,2020-04-21,69.07,69.3125,66.35749799999999,67.092499,180991600
356,2020-04-22,68.402496,69.474998,68.050003,69.025002,116862400
357,2020-04-23,68.967499,70.4375,68.717499,68.7575,124814400
358,2020-04-24,69.300003,70.752502,69.25,70.7425,126161200
359,2020-04-27,70.449997,71.135002,69.987503,70.792503,117087600
360,2020-04-28,71.269997,71.457497,69.550003,69.644997,112004800
361,2020-04-29,71.182503,72.417503,70.972504,71.932503,137280800
362,2020-04-30,72.489998,73.6325,72.087502,73.449997,183064000
363,2020-05-01,71.5625,74.75,71.462502,72.26750200000001,240616800
364,2020-05-04,72.292503,73.422501,71.58000200000001,73.290001,133568000
365,2020-05-05,73.764999,75.25,73.614998,74.389999,147751200
366,2020-05-06,75.114998,75.809998,74.717499,75.157501,142333600
367,2020-05-07,75.805,76.292503,75.4925,75.934998,115215200
368,2020-05-08,76.410004,77.587502,76.072502,77.532501,133838400
369,2020-05-11,77.025002,79.262497,76.809998,78.752502,145946400
370,2020-05-12,79.457497,79.922501,77.727501,77.852501,162301200
371,2020-05-13,78.037498,78.987503,75.802498,76.912498,200622400
372,2020-05-14,76.127502,77.447502,75.3825,77.385002,158929200
373,2020-05-15,75.087502,76.974998,75.052498,76.927498,166348400
374,2020-05-18,78.292503,79.125,77.58000200000001,78.739998,135178400
375,2020-05-19,78.7575,79.629997,78.252502,78.285004,101729600
376,2020-05-20,79.16999799999999,79.879997,79.129997,79.807503,111504800
377,2020-05-21,79.665001,80.222504,78.967499,79.212502,102688800
378,2020-05-22,78.942497,79.807503,78.837502,79.722504,81803200
379,2020-05-26,80.875,81.059998,79.125,79.182503,125522000
380,2020-05-27,79.035004,79.677498,78.272499,79.527496,112945200
381,2020-05-28,79.192497,80.860001,78.907501,79.5625,133560800
382,2020-05-29,79.8125,80.287498,79.1175,79.485001,153532400
383,2020-06-01,79.4375,80.587502,79.302498,80.462502,80791200
384,2020-06-02,80.1875,80.860001,79.73249799999999,80.834999,87642800
385,2020-06-03,81.165001,81.550003,80.574997,81.279999,104491200
386,2020-06-04,81.097504,81.404999,80.195,80.58000200000001,87560400
387,2020-06-05,80.837502,82.9375,80.807503,82.875,137250400
388,2020-06-08,82.5625,83.400002,81.83000200000001,83.364998,95654400
389,2020-06-09,83.035004,86.402496,83.002502,85.997498,147712400
390,2020-06-10,86.974998,88.692497,86.522499,88.209999,166651600
391,2020-06-11,87.327499,87.764999,83.870003,83.974998,201662400
392,2020-06-12,86.18,86.949997,83.555,84.699997,200146000
393,2020-06-15,83.3125,86.41999799999999,83.144997,85.747498,138808800
394,2020-06-16,87.864998,88.300003,86.18,88.019997,165428800
395,2020-06-17,88.787498,88.849998,87.772499,87.897499,114406400
396,2020-06-18,87.852501,88.362503,87.305,87.932503,96820400
397,2020-06-19,88.660004,89.139999,86.287498,87.43,264476000
398,2020-06-22,87.834999,89.864998,87.787498,89.717499,135445200
399,2020-06-23,91.0,93.095001,90.567497,91.6325,212155600
400,2020-06-24,91.25,92.197502,89.629997,90.014999,192623200
401,2020-06-25,90.175003,91.25,89.39250200000001,91.209999,137522400
402,2020-06-26,91.102501,91.33000200000001,88.254997,88.407501,205256800
403,2020-06-29,88.3125,90.542503,87.82,90.445,130646000
404,2020-06-30,90.019997,91.495003,90.0,91.199997,140223200
405,2020-07-01,91.279999,91.839996,90.977501,91.027496,110737200
406,2020-07-02,91.962502,92.6175,90.910004,91.027496,114041600
407,2020-07-06,92.5,93.945,92.467499,93.462502,118655600
408,2020-07-07,93.852501,94.654999,93.057503,93.172501,112424400
409,2020-07-08,94.18,95.375,94.089996,95.342499,117092000
410,2020-07-09,96.262497,96.317497,94.672501,95.752502,125642800
411,2020-07-10,95.334999,95.980003,94.70500200000001,95.91999799999999,90257200
412,2020-07-13,97.264999,99.95500200000001,95.2575,95.477501,191649200
413,2020-07-14,94.839996,97.254997,93.877502,97.057503,170989200
414,2020-07-15,98.989998,99.247498,96.489998,97.724998,153198000
415,2020-07-16,96.5625,97.404999,95.904999,96.522499,110577600
416,2020-07-17,96.987503,97.147499,95.839996,96.327499,92186800
417,2020-07-20,96.417503,98.5,96.0625,98.35749799999999,90318000
418,2020-07-21,99.172501,99.25,96.7425,97.0,103433200
419,2020-07-22,96.692497,97.974998,96.602501,97.272499,89001600
420,2020-07-23,96.997498,97.077499,92.010002,92.845001,197004400
421,2020-07-24,90.987503,92.970001,89.144997,92.614998,185438800
422,2020-07-27,93.709999,94.904999,93.480003,94.809998,121214000
423,2020-07-28,94.3675,94.550003,93.247498,93.252502,103625600
424,2020-07-29,93.75,95.230003,93.712502,95.040001,90329200
425,2020-07-30,94.1875,96.297501,93.76750200000001,96.190002,158130000
426,2020-07-31,102.885002,106.415001,100.824997,106.260002,374336800
427,2020-08-03,108.199997,111.637497,107.89250200000001,108.9375,308151200
428,2020-08-04,109.1325,110.790001,108.387497,109.665001,173071600
429,2020-08-05,109.377502,110.39250200000001,108.897499,110.0625,121776800
430,2020-08-06,110.404999,114.412498,109.797501,113.902496,202428800
431,2020-08-07,113.20500200000001,113.675003,110.292503,111.112503,198045600
432,2020-08-10,112.599998,113.775002,110.0,112.727501,212403600
433,2020-08-11,111.970001,112.48249799999999,109.10749799999999,109.375,187902400
434,2020-08-12,110.497498,113.275002,110.297501,113.010002,165598000
435,2020-08-13,114.43,116.042503,113.927498,115.010002,210082000
436,2020-08-14,114.83000200000001,115.0,113.04499799999999,114.907501,165565200
437,2020-08-17,116.0625,116.087502,113.962502,114.60749799999999,119561600
438,2020-08-18,114.352501,116.0,114.0075,115.5625,105633600
439,2020-08-19,115.98249799999999,117.162498,115.610001,115.707497,145538000
440,2020-08-20,115.75,118.39250200000001,115.73249799999999,118.275002,126907200
441,2020-08-21,119.262497,124.8675,119.25,124.370003,338054800
442,2020-08-24,128.697495,128.78500400000001,123.9375,125.85749799999999,345937600
443,2020-08-25,124.697502,125.18,123.052498,124.824997,211495600
444,2020-08-26,126.18,126.9925,125.082497,126.522499,163022400
445,2020-08-27,127.14250200000001,127.485001,123.832497,125.010002,155552400
446,2020-08-28,126.012497,126.442497,124.577499,124.807503,187630000
447,2020-08-31,127.58000200000001,131.0,126.0,129.03999299999998,225702700
448,2020-09-01,132.759995,134.800003,130.529999,134.179993,151948100
449,2020-09-02,137.58999599999999,137.979996,127.0,131.399994,200119000
450,2020-09-03,126.910004,128.83999599999999,120.5,120.879997,257599600
451,2020-09-04,120.07,123.699997,110.889999,120.959999,332607200
452,2020-09-08,113.949997,118.989998,112.68,112.82,231366600
453,2020-09-09,117.260002,119.139999,115.260002,117.32,176940500
454,2020-09-10,120.360001,120.5,112.5,113.489998,182274400
455,2020-09-11,114.57,115.230003,110.0,112.0,180860300
456,2020-09-14,114.720001,115.93,112.800003,115.360001,140150100
457,2020-09-15,118.33000200000001,118.83000200000001,113.610001,115.540001,184642000
458,2020-09-16,115.230003,116.0,112.040001,112.129997,154679000
459,2020-09-17,109.720001,112.199997,108.709999,110.339996,178011000
460,2020-09-18,110.400002,110.879997,106.089996,106.839996,287104900
461,2020-09-21,104.540001,110.190002,103.099998,110.08000200000001,195713800
462,2020-09-22,112.68,112.860001,109.160004,111.809998,183055400
463,2020-09-23,111.620003,112.110001,106.769997,107.120003,150718700
464,2020-09-24,105.16999799999999,110.25,105.0,108.220001,167743300
465,2020-09-25,108.43,112.440002,107.66999799999999,112.279999,149981400
466,2020-09-28,115.010002,115.32,112.779999,114.959999,137672400
467,2020-09-29,114.550003,115.309998,113.57,114.089996,99382200
468,2020-09-30,113.790001,117.260002,113.620003,115.809998,142675200
469,2020-10-01,117.639999,117.720001,115.83000200000001,116.790001,116120400
470,2020-10-02,112.889999,115.370003,112.220001,113.019997,144712000
471,2020-10-05,113.910004,116.650002,113.550003,116.5,106243800
472,2020-10-06,115.699997,116.120003,112.25,113.160004,161498200
473,2020-10-07,114.620003,115.550003,114.129997,115.08000200000001,96849000
474,2020-10-08,116.25,116.400002,114.589996,114.970001,83477200
475,2020-10-09,115.279999,117.0,114.91999799999999,116.970001,100506900
476,2020-10-12,120.059998,125.18,119.279999,124.400002,240226800
477,2020-10-13,125.269997,125.389999,119.650002,121.099998,262330500
478,2020-10-14,121.0,123.029999,119.620003,121.190002,150712000
479,2020-10-15,118.720001,121.199997,118.150002,120.709999,112559200
480,2020-10-16,121.279999,121.550003,118.809998,119.019997,115393800
481,2020-10-19,119.959999,120.41999799999999,115.660004,115.980003,120639300
482,2020-10-20,116.199997,118.980003,115.629997,117.510002,124423700
483,2020-10-21,116.66999799999999,118.709999,116.449997,116.870003,89946000
484,2020-10-22,117.449997,118.040001,114.589996,115.75,101988000
485,2020-10-23,116.389999,116.550003,114.279999,115.040001,82572600
486,2020-10-26,114.010002,116.550003,112.879997,115.050003,111850700
487,2020-10-27,115.489998,117.279999,114.540001,116.599998,92276800
488,2020-10-28,115.050003,115.43,111.099998,111.199997,143937800
489,2020-10-29,112.370003,116.93,112.199997,115.32,146129200
490,2020-10-30,111.059998,111.989998,107.720001,108.860001,190272600
491,2020-11-02,109.110001,110.68,107.32,108.769997,122866900
492,2020-11-03,109.660004,111.489998,108.730003,110.440002,107624400
493,2020-11-04,114.139999,115.589996,112.349998,114.949997,138235500
494,2020-11-05,117.949997,119.620003,116.870003,119.029999,126387100
495,2020-11-06,118.32,119.199997,116.129997,118.690002,114457900
496,2020-11-09,120.5,121.989998,116.050003,116.32,154515300
497,2020-11-10,115.550003,117.589996,114.129997,115.970001,138023400
498,2020-11-11,117.190002,119.629997,116.440002,119.489998,112295000
499,2020-11-12,119.620003,120.529999,118.57,119.209999,103162300
500,2020-11-13,119.440002,119.66999799999999,117.870003,119.260002,81581900
501,2020-11-16,118.91999799999999,120.989998,118.150002,120.300003,91183000
502,2020-11-17,119.550003,120.66999799999999,118.959999,119.389999,74271000
503,2020-11-18,118.610001,119.82,118.0,118.029999,76322100
504,2020-11-19,117.589996,119.059998,116.809998,118.639999,74113000
505,2020-11-20,118.639999,118.769997,117.290001,117.339996,73604300
506,2020-11-23,117.18,117.620003,113.75,113.849998,127959300
507,2020-11-24,113.910004,115.849998,112.589996,115.16999799999999,113874200
508,2020-11-25,115.550003,116.75,115.16999799999999,116.029999,76499200
509,2020-11-27,116.57,117.489998,116.220001,116.589996,46691300
510,2020-11-30,116.970001,120.970001,116.809998,119.050003,169410200
511,2020-12-01,121.010002,123.470001,120.010002,122.720001,127728200
512,2020-12-02,122.019997,123.370003,120.889999,123.08000200000001,89004200
513,2020-12-03,123.519997,123.779999,122.209999,122.940002,78967600
514,2020-12-04,122.599998,122.860001,121.519997,122.25,78260400
515,2020-12-07,122.309998,124.57,122.25,123.75,86712000
516,2020-12-08,124.370003,124.980003,123.089996,124.379997,82225500
517,2020-12-09,124.529999,125.949997,121.0,121.779999,115089200
518,2020-12-10,120.5,123.870003,120.150002,123.239998,81312200
519,2020-12-11,122.43,122.760002,120.550003,122.410004,86939800
520,2020-12-14,122.599998,123.349998,121.540001,121.779999,79184500
521,2020-12-15,124.339996,127.900002,124.129997,127.879997,157243700
522,2020-12-16,127.410004,128.369995,126.559998,127.809998,98208600
523,2020-12-17,128.899994,129.580002,128.03999299999998,128.699997,94359800
524,2020-12-18,128.96000700000002,129.100006,126.120003,126.660004,192541500
525,2020-12-21,125.019997,128.309998,123.449997,128.229996,121251600
526,2020-12-22,131.610001,134.41000400000001,129.649994,131.880005,168904800
527,2020-12-23,132.16000400000001,132.429993,130.779999,130.96000700000002,88223700
528,2020-12-24,131.320007,133.46000700000002,131.100006,131.970001,54930100
529,2020-12-28,133.990005,137.33999599999999,133.509995,136.690002,124486200
530,2020-12-29,138.050003,138.78999299999998,134.33999599999999,134.869995,121047300
531,2020-12-30,135.580002,135.990005,133.399994,133.720001,96452100
532,2020-12-31,134.080002,134.740005,131.720001,132.690002,99116600
533,2021-01-04,133.520004,133.610001,126.760002,129.41000400000001,143301900
534,2021-01-05,128.889999,131.740005,128.429993,131.009995,97664900
535,2021-01-06,127.720001,131.050003,126.379997,126.599998,155088000
536,2021-01-07,128.360001,131.630005,127.860001,130.919998,109578200
537,2021-01-08,132.429993,132.630005,130.229996,132.050003,105158200
538,2021-01-11,129.190002,130.169998,128.5,128.979996,100384500
539,2021-01-12,128.5,129.690002,126.860001,128.800003,91951100
540,2021-01-13,128.759995,131.449997,128.490005,130.889999,88636800
541,2021-01-14,130.800003,131.0,128.759995,128.91000400000001,90221800
542,2021-01-15,128.779999,130.220001,127.0,127.139999,111598500
543,2021-01-19,127.779999,128.71000700000002,126.940002,127.83000200000001,90757300
544,2021-01-20,128.66000400000001,132.490005,128.550003,132.029999,104319500
545,2021-01-21,133.800003,139.669998,133.58999599999999,136.869995,120150900
546,2021-01-22,136.279999,139.850006,135.020004,139.070007,114459400
547,2021-01-25,143.070007,145.08999599999999,136.53999299999998,142.919998,157611700
548,2021-01-26,143.600006,144.300003,141.369995,143.16000400000001,98390600
549,2021-01-27,143.429993,144.300003,140.41000400000001,142.059998,140843800
550,2021-01-28,139.520004,141.990005,136.699997,137.08999599999999,142621100
551,2021-01-29,135.830002,136.740005,130.21000700000002,131.96000700000002,177523800
552,2021-02-01,133.75,135.380005,130.929993,134.139999,106239800
553,2021-02-02,135.729996,136.309998,134.610001,134.990005,83305400
554,2021-02-03,135.759995,135.770004,133.610001,133.940002,89880900
555,2021-02-04,136.300003,137.399994,134.58999599999999,137.389999,84183100
556,2021-02-05,137.350006,137.419998,135.860001,136.759995,75693800
557,2021-02-08,136.029999,136.96000700000002,134.919998,136.91000400000001,71297200
558,2021-02-09,136.619995,137.880005,135.850006,136.009995,76774200
559,2021-02-10,136.479996,136.990005,134.399994,135.389999,73046600
560,2021-02-11,135.899994,136.389999,133.770004,135.130005,64280000
561,2021-02-12,134.350006,135.529999,133.690002,135.369995,60145100
562,2021-02-16,135.490005,136.009995,132.78999299999998,133.190002,80576300
563,2021-02-17,131.25,132.220001,129.470001,130.83999599999999,97918500
564,2021-02-18,129.199997,130.0,127.410004,129.71000700000002,96856700
565,2021-02-19,130.240005,130.71000700000002,128.800003,129.869995,87668800
566,2021-02-22,128.009995,129.720001,125.599998,126.0,103916400
567,2021-02-23,123.760002,126.709999,118.389999,125.860001,158273000
568,2021-02-24,124.940002,125.559998,122.230003,125.349998,111039900
569,2021-02-25,124.68,126.459999,120.540001,120.989998,148199500
570,2021-02-26,122.589996,124.849998,121.199997,121.260002,164560400
571,2021-03-01,123.75,127.93,122.790001,127.790001,116307900
572,2021-03-02,128.41000400000001,128.720001,125.010002,125.120003,102260900
573,2021-03-03,124.809998,125.709999,121.839996,122.059998,112966300
574,2021-03-04,121.75,123.599998,118.620003,120.129997,178155000
575,2021-03-05,120.980003,121.940002,117.57,121.41999799999999,153766600
576,2021-03-08,120.93,121.0,116.209999,116.360001,154376600
577,2021-03-09,119.029999,122.059998,118.790001,121.089996,129525800
578,2021-03-10,121.690002,122.16999799999999,119.449997,119.980003,111943300
579,2021-03-11,122.540001,123.209999,121.260002,121.959999,103026500
580,2021-03-12,120.400002,121.16999799999999,119.160004,121.029999,88105100
581,2021-03-15,121.410004,124.0,120.41999799999999,123.989998,92403800
582,2021-03-16,125.699997,127.220001,124.720001,125.57,115227900
583,2021-03-17,124.050003,125.860001,122.339996,124.760002,111932600
584,2021-03-18,122.879997,123.18,120.32,120.529999,121229700
585,2021-03-19,119.900002,121.43,119.68,119.989998,185549500
586,2021-03-22,120.33000200000001,123.870003,120.260002,123.389999,111912300
587,2021-03-23,123.33000200000001,124.239998,122.139999,122.540001,95467100
588,2021-03-24,122.82,122.900002,120.07,120.089996,88530500
589,2021-03-25,119.540001,121.660004,119.0,120.589996,98844700
590,2021-03-26,120.349998,121.480003,118.91999799999999,121.209999,94071200
591,2021-03-29,121.650002,122.58000200000001,120.730003,121.389999,80819200
592,2021-03-30,120.110001,120.400002,118.860001,119.900002,85671900
593,2021-03-31,121.650002,123.519997,121.150002,122.150002,118323800
594,2021-04-01,123.660004,124.18,122.489998,123.0,75089100
595,2021-04-05,123.870003,126.160004,123.07,125.900002,88651200
596,2021-04-06,126.5,127.129997,125.650002,126.209999,80171300
597,2021-04-07,125.83000200000001,127.91999799999999,125.139999,127.900002,83466700
598,2021-04-08,128.949997,130.389999,128.520004,130.360001,88844600
599,2021-04-09,129.800003,133.03999299999998,129.470001,133.0,106686700
600,2021-04-12,132.520004,132.850006,130.630005,131.240005,91420000
601,2021-04-13,132.440002,134.66000400000001,131.929993,134.429993,91266500
602,2021-04-14,134.940002,135.0,131.66000400000001,132.029999,87222800
603,2021-04-15,133.820007,135.0,133.639999,134.5,89347100
604,2021-04-16,134.300003,134.669998,133.279999,134.16000400000001,84922400
605,2021-04-19,133.509995,135.470001,133.33999599999999,134.83999599999999,94264200
606,2021-04-20,135.020004,135.529999,131.809998,133.110001,94812300
607,2021-04-21,132.360001,133.75,131.300003,133.5,68847100
608,2021-04-22,133.03999299999998,134.149994,131.41000400000001,131.940002,84566500
609,2021-04-23,132.16000400000001,135.119995,132.16000400000001,134.320007,78657500
610,2021-04-26,134.830002,135.059998,133.559998,134.720001,66905100
611,2021-04-27,135.009995,135.41000400000001,134.110001,134.389999,66015800
612,2021-04-28,134.309998,135.020004,133.080002,133.580002,107760100
613,2021-04-29,136.470001,137.070007,132.449997,133.479996,151101000
614,2021-04-30,131.779999,133.559998,131.070007,131.46000700000002,109839500
615,2021-05-03,132.03999299999998,134.070007,131.830002,132.53999299999998,75135100
616,2021-05-04,131.190002,131.490005,126.699997,127.849998,137564700
617,2021-05-05,129.199997,130.449997,127.970001,128.100006,84000900
618,2021-05-06,127.889999,129.75,127.129997,129.740005,78128300
619,2021-05-07,130.850006,131.259995,129.479996,130.21000700000002,78973300
620,2021-05-10,129.41000400000001,129.53999299999998,126.809998,126.849998,88071200
621,2021-05-11,123.5,126.269997,122.769997,125.910004,126142800
622,2021-05-12,123.400002,124.639999,122.25,122.769997,112172300
623,2021-05-13,124.58000200000001,126.150002,124.260002,124.970001,105861300
624,2021-05-14,126.25,127.889999,125.849998,127.449997,81918000
625,2021-05-17,126.82,126.93,125.16999799999999,126.269997,74244600
626,2021-05-18,126.559998,126.989998,124.779999,124.849998,63342900
627,2021-05-19,123.160004,124.91999799999999,122.860001,124.690002,92612000
628,2021-05-20,125.230003,127.720001,125.099998,127.309998,76857100
629,2021-05-21,127.82,128.0,125.209999,125.43,79295400
630,2021-05-24,126.010002,127.940002,125.940002,127.099998,63092900
631,2021-05-25,127.82,128.320007,126.32,126.900002,72009500
632,2021-05-26,126.959999,127.389999,126.41999799999999,126.849998,56575900
633,2021-05-27,126.440002,127.639999,125.08000200000001,125.279999,94625600
634,2021-05-28,125.57,125.800003,124.550003,124.610001,71311100
635,2021-06-01,125.08000200000001,125.349998,123.940002,124.279999,67637100
636,2021-06-02,124.279999,125.239998,124.050003,125.059998,59278900
637,2021-06-03,124.68,124.849998,123.129997,123.540001,76229200
638,2021-06-04,124.07,126.160004,123.849998,125.889999,75169300
639,2021-06-07,126.16999799999999,126.32,124.83000200000001,125.900002,71057600
640,2021-06-08,126.599998,128.46000700000002,126.209999,126.739998,74403800
641,2021-06-09,127.209999,127.75,126.519997,127.129997,56877900
642,2021-06-10,127.019997,128.190002,125.940002,126.110001,71186400
643,2021-06-11,126.529999,127.440002,126.099998,127.349998,53522400
644,2021-06-14,127.82,130.53999299999998,127.07,130.479996,96906500
645,2021-06-15,129.940002,130.600006,129.389999,129.639999,62746300
646,2021-06-16,130.369995,130.889999,128.46000700000002,130.149994,91815000
647,2021-06-17,129.800003,132.550003,129.649994,131.78999299999998,96721700
648,2021-06-18,130.71000700000002,131.509995,130.240005,130.46000700000002,108953300
649,2021-06-21,130.300003,132.41000400000001,129.21000700000002,132.300003,79663300
650,2021-06-22,132.130005,134.080002,131.619995,133.979996,74783600
651,2021-06-23,133.770004,134.320007,133.229996,133.699997,60214200
652,2021-06-24,134.449997,134.639999,132.929993,133.41000400000001,68711000
653,2021-06-25,133.46000700000002,133.889999,132.809998,133.110001,70783700
654,2021-06-28,133.41000400000001,135.25,133.350006,134.779999,62111300
655,2021-06-29,134.800003,136.490005,134.350006,136.330002,64556100
656,2021-06-30,136.169998,137.41000400000001,135.869995,136.96000700000002,63261400
657,2021-07-01,136.600006,137.330002,135.759995,137.270004,52485800
658,2021-07-02,137.899994,140.0,137.75,139.96000700000002,78852600
659,2021-07-06,140.070007,143.149994,140.070007,142.020004,108181800
660,2021-07-07,143.53999299999998,144.889999,142.66000400000001,144.570007,104911600
661,2021-07-08,141.580002,144.059998,140.669998,143.240005,105575500
662,2021-07-09,142.75,145.649994,142.649994,145.110001,99890800
663,2021-07-12,146.21000700000002,146.320007,144.0,144.5,76299700
664,2021-07-13,144.029999,147.46000700000002,143.630005,145.639999,100827100
665,2021-07-14,148.100006,149.570007,147.679993,149.149994,127050800
666,2021-07-15,149.240005,150.0,147.08999599999999,148.479996,106820300
667,2021-07-16,148.46000700000002,149.759995,145.880005,146.389999,93251400
668,2021-07-19,143.75,144.070007,141.669998,142.449997,121434600
669,2021-07-20,143.46000700000002,147.100006,142.96000700000002,146.149994,96350000
670,2021-07-21,145.529999,146.130005,144.630005,145.399994,74993500
671,2021-07-22,145.940002,148.199997,145.809998,146.800003,77338200
672,2021-07-23,147.550003,148.720001,146.919998,148.559998,71447400
673,2021-07-26,148.270004,149.830002,147.699997,148.990005,72434100
674,2021-07-27,149.119995,149.21000700000002,145.550003,146.770004,104818600
675,2021-07-28,144.809998,146.970001,142.53999299999998,144.979996,118931200
676,2021-07-29,144.690002,146.550003,144.580002,145.639999,56699500
677,2021-07-30,144.380005,146.330002,144.110001,145.860001,70382000
678,2021-08-02,146.360001,146.949997,145.25,145.520004,62880000
679,2021-08-03,145.809998,148.03999299999998,145.179993,147.360001,64786600
680,2021-08-04,147.270004,147.78999299999998,146.279999,146.949997,56368300
681,2021-08-05,146.979996,147.83999599999999,146.169998,147.059998,46397700
682,2021-08-06,146.350006,147.110001,145.630005,146.139999,54067400
683,2021-08-09,146.199997,146.699997,145.520004,146.08999599999999,48908700
684,2021-08-10,146.440002,147.71000700000002,145.300003,145.600006,69023100
685,2021-08-11,146.050003,146.720001,145.529999,145.860001,48493500
686,2021-08-12,146.190002,149.050003,145.83999599999999,148.889999,72282600
687,2021-08-13,148.970001,149.440002,148.270004,149.100006,59318800
688,2021-08-16,148.53999299999998,151.190002,146.470001,151.119995,103296000
689,2021-08-17,150.229996,151.679993,149.08999599999999,150.190002,92229700
690,2021-08-18,149.800003,150.720001,146.149994,146.360001,86326000
691,2021-08-19,145.029999,148.0,144.5,146.699997,86960300
692,2021-08-20,147.440002,148.5,146.779999,148.190002,59947400
693,2021-08-23,148.309998,150.190002,147.889999,149.71000700000002,60131800
694,2021-08-24,149.449997,150.860001,149.149994,149.619995,48606400
695,2021-08-25,149.809998,150.320007,147.800003,148.360001,58991300
696,2021-08-26,148.350006,149.119995,147.509995,147.53999299999998,48597200
697,2021-08-27,147.479996,148.75,146.830002,148.600006,55721500
698,2021-08-30,149.0,153.490005,148.610001,153.119995,90956700
699,2021-08-31,152.66000400000001,152.800003,151.28999299999998,151.830002,86453100
